{
  "hosting": {
    "public": "dist",
    "ignore": [
      "firebase.json",
      "**/.*",
      "**/node_modules/**"
    ],
    "rewrites": [
      {
        "source": "**",
        "destination": "/index.html"
      }
    ],
    "headers": [
      {
        "source": "/static/**",
        "headers": [
          {
            "key": "Cache-Control",
            "value": "public, max-age=31536000, immutable"
          }
        ]
      },
      {
        "source": "**/*.@(js|css)",
        "headers": [
          {
            "key": "Cache-Control", 
            "value": "public, max-age=31536000, immutable"
          }
        ]
      },
      {
        "source": "/",
        "headers": [
          {
            "key": "Cache-Control",
            "value": "public, max-age=0, must-revalidate"
          }
        ]
      }
    ]
  }
}
